ID,Label
armas (2144).jpg,400 243 788 403 pistol
armas (2350).jpg,1 1 159 115 pistol
armas (1685).jpg,290 171 346 215 pistol
armas (2660).jpg,1 1 157 114 pistol
armas (1531).jpg,88 157 401 360 pistol
armas (2326).jpg,3 4 154 114 pistol
armas (363).jpg,36 40 978 663 pistol
armas (2864).jpg,289 212 462 339 pistol
armas (2760).jpg,4 2 155 119 pistol
armas (2956).jpg,41 17 585 577 pistol
armas (218).jpg,246 130 276 160 pistol 63 97 86 127 pistol 404 156 434 196 pistol 573 98 611 130 pistol
armas (2469).jpg,4 3 154 113 pistol
armas (2797).jpg,178 1 365 226 pistol
armas (581).jpg,80 84 269 238 pistol
armas (1333).jpg,1 108 992 552 pistol
armas (1344).jpg,44 18 234 293 pistol 228 22 417 292 pistol
armas (388).jpg,9 67 925 686 pistol
armas (2373).jpg,4 5 158 116 pistol
armas (2675).jpg,1 1 158 120 pistol
armas (2547).jpg,1 1 158 113 pistol
armas (836).jpg,23 66 559 345 pistol
armas (1235).jpg,24 13 444 311 pistol
armas (1491).jpg,22 11 320 434 pistol 2 223 325 500 pistol
armas (1553).jpg,96 53 159 136 pistol
armas (935).jpg,4 1 214 90 pistol
armas (1654).jpg,35 20 453 313 pistol
armas (2826).jpg,74 48 583 328 pistol
armas (1399).jpg,17 170 318 398 pistol 138 13 483 276 pistol
armas (2401).jpg,10 9 155 112 pistol
armas (1376).jpg,17 111 335 443 pistol
armas (1942).jpg,350 66 1400 777 pistol
armas (276).jpg,81 263 172 371 pistol
armas (2159).jpg,155 125 613 378 pistol
armas (2565).jpg,13 28 154 90 pistol
armas (2034).jpg,25 121 88 153 pistol 47 91 98 120 pistol 72 77 116 114 pistol
armas (1794).jpg,130 64 866 477 pistol
armas (2712).jpg,1 3 157 115 pistol
armas (908).jpg,56 88 77 134 pistol
armas (340).jpg,45 65 404 315 pistol
armas (1359).jpg,112 282 389 481 pistol 27 21 343 215 pistol
armas (166).jpg,106 16 363 275 pistol
armas (2742).jpg,4 4 156 115 pistol
armas (1413).jpg,94 2 500 349 pistol
armas (2298).jpg,4 5 152 113 pistol
armas (440).jpg,255 85 948 558 pistol
armas (79).jpg,25 63 45 99 pistol
armas (1047).jpg,67 12 230 88 pistol
armas (2556).jpg,4 1 158 119 pistol
armas (1870).jpg,72 33 531 368 pistol
armas (1598).jpg,1 98 499 375 pistol 1 1 500 209 pistol
armas (763).jpg,53 46 282 195 pistol
armas (551).jpg,36 58 184 156 pistol
armas (234).jpg,1398 314 2963 1326 pistol
armas (718).jpg,287 280 550 887 pistol
armas (829).jpg,8 3 290 156 pistol
armas (1641).jpg,16 110 198 375 pistol
armas (1746).jpg,8 32 372 475 pistol
armas (1339).jpg,6 13 438 248 pistol
armas (249).jpg,194 121 258 163 pistol
armas (1432).jpg,108 77 479 294 pistol
armas (748).jpg,82 160 763 625 pistol
armas (299).jpg,163 65 224 165 pistol
armas (802).jpg,8 62 278 237 pistol
armas (1956).jpg,403 972 548 1246 pistol
armas (2895).jpg,422 302 752 577 pistol
armas (2150).jpg,99 64 918 882 pistol
armas (1799).jpg,64 103 1235 752 pistol
armas (2941).jpg,59 27 549 288 pistol
armas (2498).jpg,3 3 157 112 pistol
armas (2095).jpg,1241 315 1917 1054 pistol
armas (2508).jpg,6 3 157 113 pistol
armas (2653).jpg,2 5 155 115 pistol
armas (1742).jpg,20 59 454 347 pistol
armas (1356).jpg,1 1 499 320 pistol
armas (1886).jpg,346 65 456 394 pistol
armas (331).jpg,130 206 160 267 pistol
armas (2762).jpg,3 2 158 116 pistol
armas (344).jpg,762 307 1056 572 pistol
armas (840).jpg,85 18 225 167 pistol
armas (2914).jpg,160 6 368 193 pistol
armas (2171).jpg,2 1 157 119 pistol
armas (2569).jpg,4 3 155 115 pistol
armas (487).jpg,10 1 1008 766 pistol
armas (1238).jpg,11 43 478 341 pistol
armas (2523).jpg,1 4 155 115 pistol
armas (892).jpg,33 30 184 109 pistol
armas (751).jpg,45 143 164 205 pistol 17 5 130 51 pistol
armas (2258).jpg,4 1 157 116 pistol
armas (1302).jpg,29 64 425 359 pistol
armas (1276).jpg,28 90 457 354 pistol
armas (2429).jpg,2 1 157 119 pistol
armas (2922).jpg,140 261 177 312 pistol 206 261 248 325 pistol
armas (1713).jpg,194 175 294 259 pistol
armas (2516).jpg,2 1 157 117 pistol
armas (303).jpg,231 105 347 392 pistol
armas (579).jpg,11 7 257 165 pistol
armas (1296).jpg,82 250 370 516 pistol
armas (2558).jpg,4 2 156 118 pistol
armas (1741).jpg,28 54 450 331 pistol
armas (608).jpg,131 95 1435 791 pistol
armas (2377).jpg,2 1 156 103 pistol
armas (927).jpg,56 117 153 154 pistol
armas (1054).jpg,65 71 737 503 pistol
armas (2793).jpg,194 178 251 228 pistol 221 201 278 244 pistol 160 153 217 197 pistol
armas (1013).jpg,76 47 181 103 pistol
armas (2596).jpg,2 6 155 116 pistol
armas (1706).jpg,40 160 136 235 pistol
armas (1217).jpg,87 72 199 168 pistol
armas (1836).jpg,47 15 400 275 pistol
armas (1787).jpg,698 142 2551 1015 pistol 63 255 1766 1535 pistol
armas (2976).jpg,36 152 661 566 pistol
armas (1488).jpg,56 85 406 286 pistol
armas (810).jpg,2 102 296 212 pistol
armas (372).jpg,58 138 146 227 pistol
armas (427).jpg,13 53 137 218 pistol 294 195 352 360 pistol 387 57 537 195 pistol 463 137 587 330 pistol 748 53 867 191 pistol
armas (203).jpg,31 14 582 330 pistol
armas (1222).jpg,57 43 404 276 pistol
armas (762).jpg,51 55 286 195 pistol
armas (2927).jpg,18 29 41 85 pistol
armas (2763).jpg,2 1 152 114 pistol
armas (944).jpg,41 53 118 132 pistol
armas (1574).jpg,16 66 255 361 pistol 253 16 481 367 pistol
armas (2268).jpg,2 2 157 119 pistol
armas (2002).jpg,45 98 135 119 pistol
armas (780).jpg,3 29 294 188 pistol
armas (1089).jpg,241 94 713 469 pistol
armas (2253).jpg,2 3 154 116 pistol
armas (596).jpg,1 102 579 496 pistol
armas (17).jpg,858 356 1125 635 pistol
armas (275).jpg,43 1 269 277 pistol
armas (2896).jpg,14 85 51 149 pistol
armas (567).jpg,35 145 371 307 pistol 142 272 537 429 pistol
armas (345).jpg,6 64 296 254 pistol
armas (827).jpg,1 91 188 211 pistol
armas (195).jpg,1 140 28 169 pistol
armas (59).jpg,26 22 241 171 pistol
armas (2108).jpg,96 52 1496 1043 pistol
armas (50).jpg,70 156 210 357 pistol
armas (2809).jpg,160 286 574 604 pistol
armas (1938).jpg,165 196 290 287 pistol
armas (2867).jpg,312 140 444 251 pistol
armas (2807).jpg,76 161 224 354 pistol
armas (1305).jpg,4 3 299 262 pistol
armas (513).jpg,101 46 125 63 pistol
armas (1753).jpg,76 80 390 375 pistol
armas (2892).jpg,17 94 67 113 pistol 382 75 439 99 pistol
armas (2515).jpg,3 3 158 118 pistol
armas (1687).jpg,69 13 497 376 pistol 43 1 213 210 pistol
armas (636).jpg,180 126 257 182 pistol
armas (1618).jpg,209 232 220 247 pistol
armas (1607).jpg,30 226 176 320 pistol 7 153 179 255 pistol 102 89 214 136 pistol 184 138 347 239 pistol 238 238 346 324 pistol 317 205 459 306 pistol 322 103 450 195 pistol 181 33 303 129 pistol 30 7 213 139 pistol 265 7 438 99 pistol
armas (1815).jpg,159 385 250 481 pistol
armas (811).jpg,9 10 284 175 pistol
armas (2364).jpg,17 18 141 107 pistol
armas (2617).jpg,6 4 155 115 pistol
armas (463).jpg,351 139 596 682 pistol
armas (1455).jpg,317 153 362 188 pistol
armas (2959).jpg,21 20 517 394 pistol
armas (545).jpg,68 18 252 147 pistol
armas (494).jpg,134 74 196 137 pistol
armas (2901).jpg,6 315 186 655 pistol
armas (1675).jpg,8 34 472 342 pistol
armas (2632).jpg,3 5 142 112 pistol
armas (622).jpg,108 31 549 463 pistol
armas (885).jpg,100 13 159 100 pistol
armas (2123).jpg,191 82 477 304 pistol
armas (1346).jpg,85 26 477 413 pistol
armas (1603).jpg,28 34 461 326 pistol
armas (1000).jpg,97 4 215 96 pistol
armas (352).jpg,100 475 636 922 pistol
armas (1420).jpg,196 169 339 246 pistol
armas (1900).jpg,414 181 642 273 pistol
armas (1470).jpg,11 14 479 248 pistol
armas (81).jpg,25 72 50 124 pistol
armas (1907).jpg,161 631 559 1056 pistol
armas (731).jpg,71 287 605 872 pistol 702 270 1245 938 pistol
armas (2672).jpg,2 1 157 120 pistol
armas (2493).jpg,4 4 154 116 pistol
armas (1451).jpg,92 63 417 315 pistol
armas (809).jpg,4 104 294 215 pistol
armas (1536).jpg,317 132 453 197 pistol
armas (1872).jpg,535 183 705 296 pistol
armas (1955).jpg,617 81 867 585 pistol
armas (1240).jpg,207 12 477 224 pistol
armas (2834).jpg,129 261 681 574 pistol
armas (904).jpg,106 40 131 57 pistol
armas (1279).jpg,58 14 272 472 pistol
armas (1700).jpg,15 198 211 318 pistol 91 73 412 277 pistol
armas (1121).jpg,869 168 1099 396 pistol
armas (103).jpg,111 83 199 129 pistol
armas (638).jpg,15 5 792 594 pistol
armas (503).jpg,90 78 107 123 pistol
armas (2007).jpg,9 36 799 452 pistol
armas (415).jpg,388 271 534 587 pistol
armas (869).jpg,48 67 105 105 pistol
armas (1559).jpg,29 97 438 349 pistol
armas (759).jpg,14 46 292 192 pistol
armas (364).jpg,2 35 95 161 pistol
armas (1547).jpg,101 278 149 382 pistol
armas (254).jpg,52 5 570 348 pistol
armas (1191).jpg,13 14 369 390 pistol
armas (2816).jpg,26 20 578 343 pistol
armas (2635).jpg,7 6 152 116 pistol
armas (1629).jpg,146 122 374 307 pistol
armas (2267).jpg,2 2 157 120 pistol
armas (1307).jpg,21 21 471 357 pistol
armas (1611).jpg,10 283 290 429 pistol
armas (1141).jpg,487 512 696 718 pistol
armas (1830).jpg,43 74 409 322 pistol
armas (29).jpg,90 270 230 364 pistol
armas (1046).jpg,181 101 233 140 pistol
armas (1379).jpg,85 348 243 457 pistol 277 349 420 464 pistol 9 222 156 328 pistol 185 228 333 333 pistol 339 241 456 339 pistol
armas (1132).jpg,176 14 854 422 pistol
armas (193).jpg,213 23 254 54 pistol
armas (1122).jpg,109 70 348 175 pistol
armas (2837).jpg,242 315 374 468 pistol
armas (1809).jpg,399 191 469 253 pistol
armas (2046).jpg,240 310 1590 1100 pistol
armas (695).jpg,225 21 582 210 pistol
armas (2256).jpg,1 3 157 117 pistol
armas (461).jpg,382 489 563 677 pistol
armas (2433).jpg,3 1 158 117 pistol
armas (2920).jpg,123 38 155 61 pistol 129 54 164 81 pistol
armas (2185).jpg,2 1 158 114 pistol
armas (2410).jpg,3 1 155 118 pistol
armas (612).jpg,743 341 3350 2125 pistol
armas (931).jpg,30 129 75 187 pistol
armas (848).jpg,99 40 133 88 pistol
armas (969).jpg,13 38 47 98 pistol
armas (1031).jpg,143 74 179 99 pistol
armas (870).jpg,18 62 151 128 pistol
armas (2255).jpg,3 1 158 115 pistol
armas (1995).jpg,236 14 312 67 pistol
armas (467).jpg,498 16 586 178 pistol
armas (2339).jpg,3 1 155 116 pistol
armas (201).jpg,185 155 1043 743 pistol
armas (2284).jpg,4 2 155 118 pistol
armas (867).jpg,33 33 106 166 pistol
armas (209).jpg,344 286 668 501 pistol
armas (1854).jpg,166 148 242 260 pistol
armas (464).jpg,171 78 498 581 pistol
armas (2264).jpg,3 7 157 112 pistol
armas (2500).jpg,4 2 158 116 pistol
armas (2387).jpg,3 1 155 116 pistol
armas (291).jpg,99 218 262 300 pistol 390 65 634 181 pistol
armas (2059).jpg,78 16 386 201 pistol
armas (2683).jpg,1 1 157 118 pistol
armas (89).jpg,32 24 56 80 pistol
armas (2687).jpg,2 3 153 113 pistol
armas (1967).jpg,436 300 536 426 pistol
armas (2929).jpg,21 170 690 790 pistol
armas (391).jpg,108 155 315 365 pistol
armas (2191).jpg,3 1 157 117 pistol
armas (1832).jpg,100 114 121 135 pistol
armas (686).jpg,560 341 1146 708 pistol
armas (2140).jpg,62 49 195 119 pistol 48 197 187 275 pistol 100 224 227 319 pistol 142 271 244 358 pistol 147 127 281 198 pistol
armas (1049).jpg,10 14 215 121 pistol
armas (1762).jpg,13 14 496 243 pistol
armas (1316).jpg,27 48 977 616 pistol
armas (1485).jpg,66 13 446 247 pistol
armas (2396).jpg,4 2 155 118 pistol
armas (2130).jpg,27 67 719 486 pistol
armas (1552).jpg,94 131 123 166 pistol
armas (2774).jpg,2 3 157 118 pistol
armas (2948).jpg,177 280 377 449 pistol 62 27 370 271 pistol
armas (1277).jpg,210 54 291 215 pistol
armas (85).jpg,74 99 319 387 pistol
armas (680).jpg,83 43 159 105 pistol 15 157 128 210 pistol
armas (359).jpg,77 60 444 228 pistol
armas (1790).jpg,124 65 320 403 pistol
armas (1206).jpg,190 16 560 259 pistol 12 191 380 393 pistol
armas (576).jpg,155 174 434 328 pistol
armas (394).jpg,605 258 709 604 pistol
armas (1347).jpg,40 40 553 380 pistol
armas (1343).jpg,169 51 851 645 pistol
armas (971).jpg,113 87 132 125 pistol
armas (2110).jpg,13 22 313 218 pistol
armas (1175).jpg,83 77 1239 945 pistol
armas (1447).jpg,57 121 396 259 pistol
armas (1655).jpg,209 153 312 409 pistol
armas (317).jpg,165 36 236 155 pistol
armas (118).jpg,113 234 459 510 pistol
armas (200).jpg,151 158 184 260 pistol
armas (2388).jpg,4 1 155 113 pistol
armas (574).jpg,24 6 503 187 pistol
armas (197).jpg,175 77 382 210 pistol
armas (1306).jpg,8 11 496 336 pistol
armas (443).jpg,10 1 900 567 pistol
armas (64).jpg,17 505 382 1029 pistol
armas (1896).jpg,268 221 1200 711 pistol
armas (2978).jpg,17 14 479 318 pistol
armas (882).jpg,114 42 149 101 pistol
armas (592).jpg,231 40 554 419 pistol
armas (2630).jpg,2 2 157 117 pistol
armas (365).jpg,125 26 330 212 pistol
armas (991).jpg,75 77 141 163 pistol
armas (537).jpg,46 139 110 182 pistol
armas (1636).jpg,99 11 485 331 pistol
armas (1429).jpg,72 37 413 375 pistol
armas (2537).jpg,2 1 155 110 pistol
armas (8).jpg,586 359 860 553 pistol
armas (2974).jpg,291 331 355 443 pistol
armas (296).jpg,466 202 500 233 pistol
armas (2431).jpg,2 1 158 116 pistol
armas (1208).jpg,135 163 556 398 pistol 18 5 406 321 pistol
armas (1445).jpg,1 61 500 312 pistol
armas (554).jpg,10 11 280 161 pistol
armas (288).jpg,137 28 439 192 pistol
armas (1136).jpg,384 141 544 263 pistol
armas (754).jpg,10 15 292 149 pistol
armas (2538).jpg,5 1 157 118 pistol
armas (1569).jpg,12 50 407 331 pistol
armas (868).jpg,50 31 102 72 pistol 139 43 166 69 pistol 75 140 136 182 pistol
armas (2856).jpg,30 2 566 361 pistol
armas (1266).jpg,282 98 367 131 pistol
armas (1178).jpg,162 60 225 146 pistol
armas (1140).jpg,441 247 741 622 pistol
armas (2272).jpg,2 1 157 117 pistol
armas (2810).jpg,223 202 318 274 pistol
armas (2428).jpg,5 7 151 107 pistol
armas (587).jpg,52 40 583 427 pistol
armas (932).jpg,108 48 138 79 pistol
armas (2190).jpg,1 3 157 116 pistol
armas (922).jpg,70 73 132 106 pistol 46 116 109 149 pistol 137 87 188 125 pistol 189 20 242 54 pistol 178 58 236 95 pistol
armas (1856).jpg,587 308 725 400 pistol
armas (336).jpg,260 13 306 192 pistol
armas (452).jpg,601 139 724 308 pistol
armas (248).jpg,40 199 161 305 pistol
armas (2998).jpg,472 207 828 467 pistol
armas (1472).jpg,25 225 346 422 pistol
armas (2306).jpg,2 3 159 118 pistol
armas (2103).jpg,102 242 203 394 pistol
armas (966).jpg,75 91 116 180 pistol
armas (421).jpg,293 443 378 623 pistol
armas (179).jpg,176 1 863 462 pistol
armas (119).jpg,104 395 1150 726 pistol
armas (1144).jpg,188 165 238 228 pistol 440 108 491 163 pistol
armas (909).jpg,83 71 149 182 pistol
armas (319).jpg,99 54 132 129 pistol
armas (243).jpg,163 183 426 313 pistol
armas (73).jpg,145 208 620 1057 pistol
armas (337).jpg,5 17 443 318 pistol
armas (1528).jpg,1 32 479 367 pistol
armas (1848).jpg,27 95 76 172 pistol
armas (1676).jpg,204 1 497 324 pistol
armas (2749).jpg,2 3 157 115 pistol
armas (2400).jpg,2 3 158 118 pistol
armas (1118).jpg,77 433 303 763 pistol
armas (1442).jpg,65 23 484 203 pistol
armas (1414).jpg,43 24 362 343 pistol
armas (2477).jpg,5 4 151 111 pistol
armas (2053).jpg,74 129 211 218 pistol
armas (486).jpg,101 192 563 573 pistol
armas (1467).jpg,152 187 221 439 pistol
armas (1069).jpg,1029 132 2517 2078 pistol 179 545 1521 2211 pistol
armas (1797).jpg,134 99 1127 851 pistol
armas (924).jpg,110 81 144 117 pistol
armas (1724).jpg,19 61 74 198 pistol
armas (2025).jpg,417 98 674 482 pistol
armas (657).jpg,138 30 298 354 pistol
armas (2869).jpg,191 140 325 232 pistol
armas (341).jpg,115 106 170 206 pistol
armas (202).jpg,399 186 638 733 pistol
armas (2295).jpg,7 4 154 113 pistol
armas (93).jpg,331 254 384 379 pistol 600 275 686 463 pistol 866 277 923 520 pistol
armas (672).jpg,132 38 415 214 pistol 487 122 635 336 pistol
armas (328).jpg,134 165 355 311 pistol
armas (2581).jpg,2 5 157 116 pistol
armas (1562).jpg,40 250 373 360 pistol
armas (1397).jpg,116 137 154 181 pistol
armas (1317).jpg,35 35 958 671 pistol
armas (2631).jpg,5 1 158 115 pistol
armas (588).jpg,167 83 226 135 pistol
armas (2873).jpg,23 17 373 253 pistol
armas (1341).jpg,392 90 774 347 pistol 188 273 569 527 pistol
armas (1197).jpg,13 136 359 364 pistol 78 7 492 218 pistol
armas (2678).jpg,1 1 156 116 pistol
armas (2702).jpg,4 2 155 116 pistol
armas (1289).jpg,249 136 262 149 pistol
armas (2172).jpg,2 1 157 113 pistol
armas (2681).jpg,2 3 156 114 pistol
armas (113).jpg,508 344 626 698 pistol
armas (2783).jpg,8 281 62 362 pistol
armas (1888).jpg,347 179 448 385 pistol
armas (1588).jpg,1 18 494 260 pistol
armas (214).jpg,105 101 528 304 pistol
armas (247).jpg,159 220 275 287 pistol
armas (104).jpg,94 107 171 173 pistol
armas (2574).jpg,6 1 155 119 pistol
armas (2414).jpg,4 3 158 112 pistol
armas (2417).jpg,2 2 157 115 pistol
armas (2454).jpg,12 3 157 114 pistol
armas (271).jpg,113 175 1199 600 pistol
armas (1591).jpg,151 53 317 268 pistol 245 126 409 347 pistol
armas (2245).jpg,2 5 155 110 pistol
armas (1842).jpg,116 8 260 352 pistol
armas (2886).jpg,78 63 102 101 pistol
armas (535).jpg,53 144 96 175 pistol
armas (998).jpg,68 49 228 128 pistol
armas (1548).jpg,39 220 112 246 pistol 190 222 266 254 pistol 389 217 463 246 pistol
armas (2789).jpg,36 212 102 350 pistol
armas (1154).jpg,359 337 422 375 pistol 131 111 178 163 pistol
armas (442).jpg,337 640 503 820 pistol
armas (1019).jpg,39 55 165 145 pistol
armas (185).jpg,305 291 369 339 pistol
armas (141).jpg,182 130 263 191 pistol
armas (822).jpg,3 27 283 182 pistol
armas (1589).jpg,36 51 454 247 pistol
armas (1301).jpg,50 57 478 317 pistol
armas (1062).jpg,30 93 292 187 pistol 76 118 337 200 pistol
armas (422).jpg,309 212 509 562 pistol
armas (1446).jpg,33 7 225 500 pistol
armas (2132).jpg,292 118 438 203 pistol
armas (793).jpg,3 62 300 179 pistol
armas (1949).jpg,662 113 824 210 pistol
armas (2875).jpg,45 12 235 164 pistol 169 95 367 248 pistol
armas (722).jpg,1 67 628 480 pistol
armas (647).jpg,22 15 1211 768 pistol
armas (310).jpg,58 70 135 123 pistol
armas (1418).jpg,270 153 307 229 pistol
armas (2777).jpg,1 1 157 117 pistol
armas (1694).jpg,31 78 500 309 pistol
armas (2178).jpg,2 1 156 115 pistol
armas (2061).jpg,161 124 530 362 pistol
armas (2609).jpg,6 3 148 110 pistol
armas (2040).jpg,1 1 1264 866 pistol
armas (898).jpg,112 16 195 151 pistol
armas (540).jpg,79 27 203 184 pistol
armas (2626).jpg,4 2 154 116 pistol
armas (1216).jpg,1 3 495 304 pistol
armas (2888).jpg,17 127 246 277 pistol
armas (655).jpg,143 83 334 244 pistol
armas (192).jpg,441 272 690 355 pistol
armas (63).jpg,700 294 919 623 pistol
armas (94).jpg,198 259 234 362 pistol
armas (1202).jpg,177 134 208 168 pistol
armas (2330).jpg,2 2 154 116 pistol
armas (641).jpg,80 136 640 481 pistol
armas (1152).jpg,1 3 501 251 pistol
armas (1272).jpg,244 133 286 154 pistol
armas (1720).jpg,139 144 297 241 pistol 224 227 329 300 pistol
armas (496).jpg,83 23 243 159 pistol
armas (2905).jpg,72 360 1047 670 pistol
armas (367).jpg,111 81 330 429 pistol
armas (2610).jpg,5 2 158 112 pistol
armas (889).jpg,100 70 141 113 pistol
armas (476).jpg,566 184 643 290 pistol
armas (1291).jpg,102 175 118 188 pistol
armas (2838).jpg,437 223 477 245 pistol
armas (160).jpg,64 327 171 433 pistol
armas (2058).jpg,70 146 196 369 pistol
armas (1137).jpg,90 4 685 417 pistol
armas (2690).jpg,2 3 157 113 pistol
armas (571).jpg,353 114 394 153 pistol
armas (1997).jpg,102 58 348 324 pistol
armas (206).jpg,77 63 628 442 pistol
armas (23).jpg,301 54 1090 448 pistol
armas (190).jpg,73 9 515 338 pistol
armas (137).jpg,75 51 100 77 pistol
armas (736).jpg,60 141 184 370 pistol
armas (1349).jpg,1 43 137 301 pistol
armas (2801).jpg,26 75 82 116 pistol
armas (1188).jpg,117 56 591 403 pistol
armas (2767).jpg,4 3 154 117 pistol
armas (2879).jpg,300 368 756 855 pistol
armas (749).jpg,339 350 1075 667 pistol 484 1 1292 464 pistol
armas (381).jpg,76 8 388 234 pistol
armas (1312).jpg,35 11 956 773 pistol
armas (936).jpg,1 23 119 87 pistol 147 6 258 84 pistol
armas (2779).jpg,105 11 480 295 pistol
armas (2671).jpg,1 3 158 115 pistol
armas (2211).jpg,2 3 156 112 pistol
armas (2602).jpg,1 1 157 118 pistol
armas (1983).jpg,69 3 576 1265 pistol
armas (2858).jpg,148 17 189 73 pistol
armas (1775).jpg,11 15 430 296 pistol
armas (2658).jpg,4 3 157 116 pistol
armas (1627).jpg,207 115 254 159 pistol
armas (2078).jpg,137 78 157 112 pistol
armas (2204).jpg,14 11 151 109 pistol
armas (1165).jpg,1153 405 1676 999 pistol
armas (1299).jpg,43 12 406 317 pistol
armas (1320).jpg,21 38 921 950 pistol
armas (2909).jpg,457 325 677 515 pistol
armas (1460).jpg,26 96 498 348 pistol
armas (1671).jpg,1 42 496 375 pistol
armas (2162).jpg,54 36 586 360 pistol
armas (2769).jpg,6 1 156 114 pistol
armas (1779).jpg,645 150 1919 1196 pistol
armas (2086).jpg,59 136 139 253 pistol
armas (2694).jpg,6 12 153 103 pistol
armas (2044).jpg,153 113 270 246 pistol
armas (1673).jpg,51 47 336 237 pistol
armas (663).jpg,85 124 174 180 pistol
armas (376).jpg,30 364 154 514 pistol 499 419 592 638 pistol 454 233 528 350 pistol 275 131 404 302 pistol 216 171 287 324 pistol
armas (2977).jpg,34 13 734 410 pistol
armas (1735).jpg,1 32 308 375 pistol
armas (157).jpg,107 91 179 274 pistol
armas (2839).jpg,142 49 750 465 pistol
